id,V1,V2,V3,V4,V5,V6,V7,V8,V9,V10,V11,V12,V13,V14,V15,V16,V17,V18,V19,V20,V21,V22,V23,V24,V25,V26,V27,V28,Amount,Class
123621,-0.2302688788240994,-0.2002071794935771,1.4708997131730497,-1.048900462183068,0.0284635456369975,-0.3073071816799539,0.4334686216171958,-0.0672782654980094,0.4687549592376096,0.3451685238868533,-0.8779591144861858,0.7053345262027158,0.1095173736352802,0.7975400597190732,0.6921836062960353,0.9523519752601834,0.315075204831696,0.2588754021418493,-0.966172584263402,-0.3051163938174847,-0.0238499266175013,0.5092248034944289,0.1929396560168566,1.6689152669058076,-0.6489920605096593,1.7572662677976203,-0.1567065981260299,0.1443642497029295,16383.72,0
358837,0.5896386539000896,0.2874924858822953,-0.6037568999896538,0.5350880348479441,2.547027005841745,-0.9493934857801286,0.118947323716902,-0.6280243977500026,-0.0772155919589209,-0.0083786015082623,0.4235881237702018,0.1838948893154582,-1.1814477228896,-0.8647400225314965,-0.5560241799706978,2.825335043603255,3.771596072626909,4.21374641457822,-1.2853604593830108,-0.1610165688347777,-0.1526349925357261,-0.517398602593087,-1.8875692169149867,-1.6189479244184954,-2.93962034206037,-1.02331747844297,0.1106617194906985,0.4400824513333881,1109.07,1
200851,1.7934208691255116,-0.4527856541521733,0.0989975003856135,-0.4479263275175031,0.2259785312321093,-0.2059845228484056,0.5039833306927658,-0.2265771766954774,0.8013841392505132,0.6207530869247219,-1.035572695089332,1.1765793684222443,0.5915603783375168,0.8113723521888884,-0.0019532321649374,0.359508508506397,0.3604651110353146,-0.2231373370141092,-0.1530127163928694,-0.3739256998761018,-0.2167886321042622,-0.6055542278019799,0.3305152238569995,0.034969014648888,-0.5591428742001097,0.4556920304122523,-0.3104081320525452,-0.2445817096499556,3673.59,0
339256,-0.8319638774839715,0.330608729831634,-0.3838861217789592,-0.416642355350168,0.1925401910166485,0.9570171770587252,-0.5082267973701435,-1.5501991880551356,0.9223741493222016,-0.0136628585791497,-0.1246164045636444,-0.024181433433623,-0.7168578892561998,-0.4789008565813845,-1.6384866582332014,-0.0654941431669805,-0.055449568189304,0.2217721948227766,-0.2289217195522406,-2.7026165127176007,2.5904449864765016,-1.9382204957439744,0.473398861873761,-0.4064772413595617,0.3815735565503562,0.6804246517645374,-0.0843788937954968,0.4925149052071918,14238.96,1
282656,1.727653358436877,-0.4109442890303446,-0.1000278252489681,-0.4676738036629133,0.450979288006509,0.0401933530203557,0.4904711799246486,-0.2037328489736815,1.0703055538911377,0.2552991998030809,-0.8272146310484138,1.2929013858076237,1.0939656774125146,0.0321338586876651,-0.1923191014826777,0.4535465399264358,0.8893149813237912,0.2717503454281921,-0.1486757683978828,-0.2054499809282518,-0.1998098898667415,-0.4343605973760558,0.1604558347987397,1.0765383402286668,-0.1050081192637859,-0.2611169868215058,-0.2416840383042246,-0.1168643184352237,20941.41,0
450983,0.9429571123382112,-0.0871109878297215,-0.0053274878229089,0.129402799416916,0.5472723643669469,-0.1966666451852686,0.5174195342770644,-0.1457832741213257,0.5584991219116369,-0.0277019867545607,0.1829920136539093,0.2856018592769564,-1.6202889480997642,-0.5452267803651459,-0.1581545823084354,1.50843158087352,2.439008000432827,2.181247483469153,-0.7992685816817714,-0.274119648688774,-0.2562298008963668,-0.8114687307229069,-0.1720890071874142,-0.3115353512659621,1.0213657507725191,-0.8085378171513944,-0.1460242380695065,0.1802756904018737,12842.19,1
22944,-0.1239487708285888,-0.2692245567932604,2.318365664682805,0.0557575958829891,0.0065305118870206,1.2427652464216623,0.6591786496239075,-0.0622873762947186,0.5206293183532421,0.5133888790522091,-0.8886905316712854,1.2016957793597804,-0.4660595236533995,0.3095351096242045,-3.188584643200807,0.6580158566317983,0.3195175791410687,0.3074026712550295,-0.5385123966124993,-0.3790655311306081,-0.1649216142574919,-0.1876717871698703,-0.0386084984889009,0.0175874693610469,-0.5616386344734677,-0.6723273355770121,-0.136313702434717,0.1826999687464497,22531.02,0
354947,0.9146321206179568,-0.5427416574783931,0.3439392036856249,-0.392178975307118,0.1874697338573247,0.4434147480597724,0.3598139391250509,-0.1354605527472758,0.4655652709436238,0.4750126894861646,-0.6888848941683401,0.3667450320350222,-0.6617346991054461,0.1970101375177705,-0.074842226091767,1.1210627162041078,0.8335146963590051,0.212109592573775,0.1066947393196461,-0.0267726742215264,-0.1816045861883154,-0.6452251142707839,-0.1763471602924206,-1.1922219625220918,0.7055740365925146,-0.9075235168907838,-0.2094100858444491,0.0235014264173613,3809.85,1
295907,-1.912798570297352,1.8418140456756704,-2.127220611529799,2.3461798228451296,-1.7142827064238677,-1.0834879070172163,-2.1315398092456954,0.1594456692813906,-1.9168746141421649,-1.898862064955732,2.117994926081233,-1.7003993950705796,0.9146565380122856,-1.6455452312135357,-0.4396263232156058,-1.4828453276183031,-1.3605089612668149,-1.4310672678568992,0.3037464633041846,0.8150394262683953,-1.1287856721611915,0.9465962659357908,1.2469054232763137,-1.7033163581856043,-0.1659084453553963,1.3780030793424314,3.018185830716469,-3.560513248713355,2658.55,1
355268,0.4393287705897902,-0.0464570529706745,-0.6786831214855857,0.2257235868225965,-0.0298492161886986,0.3971440174402131,-0.4123696559957941,0.1322628452602965,0.0386347991997886,-0.7209303849091971,0.5732652464320142,-0.8141960169927198,-1.1558640052676938,-0.9162704389398088,0.713531801502201,-1.1190305574077992,-0.7152539627293654,-1.2359787705508225,-0.2818145570741684,0.1709748989453405,0.1517797196063432,0.0313661095024803,0.0716372028914677,-0.9839241226638148,0.1180624249480439,-0.3194451547444134,0.8011705085578537,0.6465187010944307,19431.83,1
81834,0.8808519449348282,-0.5044030393319741,0.5500868054262767,-0.4393845239276452,0.1209515697877817,0.1670748555728245,0.4668458361995873,-0.1655016979048321,0.4125511664715015,0.6307679589005374,-0.0706289901561626,1.0732763186696648,-0.2916192920574091,1.08381886331052,0.4109607970658022,0.8756967974381547,0.2351023568589246,0.4159886847246902,0.0380755907204856,-0.0711237661618526,-0.1552618985559902,-0.6185156672860329,-0.0626961786805217,0.0661204318763877,0.3108465416526611,0.5871690394856552,-0.3161883846935516,-0.0604359607221558,20825.06,0
553990,0.6091763177922296,0.3602940145464314,-0.6715523754617824,1.141946320379733,0.1391228312783691,-0.5063065545730668,-0.2491492815695947,-0.0146312249995722,-0.9155807500374432,-0.5352709772696302,0.7522463652320938,-0.823330760696412,0.6274693361246763,-1.193182159058367,-1.03663897381093,-0.530515276109838,-0.7036573572377088,-0.6310403348642383,-0.9529458952893178,0.3328896000685497,0.0345042034569505,-0.8188366015454226,0.065960864489923,-0.9420883223503618,0.1911510262144241,-0.2772181761506679,0.8215636964140469,0.873819493540461,16921.73,1
100105,1.0483308685886092,-0.9322357387839272,1.5365795666650537,-0.7218782742669586,-0.3609278675317438,0.7646540572455647,-0.0583156954604629,-0.0289441460750753,1.312942857963992,0.7367813474965448,-1.7653310511504112,-0.0568851735389055,-3.0137261368889807,0.3620589668676792,-0.8538573328570213,0.7446435482206499,0.9966287598346284,-0.4063535866880315,0.3242428853505688,-0.3649030047042806,-0.0506475439000881,0.5660464683388943,-0.0485522414764106,0.1823336899450556,0.4229382425965543,0.0006291752413233,-0.1410352599790222,-0.0582487994790287,19759.86,0
7129,-0.0272517119598074,-0.2627047800004759,2.112872256940491,-0.7328181141358568,0.2434669253052472,0.5866569143229766,0.5427669340522068,-0.1315907509977567,2.03520034809221,0.3260573210624684,-0.1409306677973296,-0.3317335501857335,-0.3729266487759186,1.4893019879723115,-2.52495395521009,0.4157985796046521,0.5717742000532077,0.7018785368293781,-0.1827841151957645,-0.2567670906316125,-0.2234045969150151,-0.1765202878315497,-0.3265983676720097,-0.0681885562737608,-0.135145100745509,0.6979321070811105,-0.0964417636491441,-0.2751981535227361,4389.68,0
190046,1.7602933704985964,-0.5812999801270154,0.2734049323416147,-0.4641130946301857,0.0937398041558367,0.3518035986152189,0.2544102793104429,-0.1638920329181876,1.5392879024579802,0.5247431342964091,-1.831023811377437,1.0282558786305032,0.8479515815891965,0.5345580356106606,0.4981742567957415,0.629442870799033,0.218590411373995,0.5726904071780624,-0.1945719896737903,-0.3342008391134834,-0.0416772761462645,0.6655541336021104,0.0040908037193493,-1.035765392963501,-0.0631291639532711,-0.3980477864777553,-0.1868325595967286,-0.2020333323093927,23007.01,0
340935,-0.6814883764097558,0.8578894835328689,-0.8235515931815403,0.9170084128718548,-0.6057992501493047,-0.5091355979900538,-0.6960827718908732,0.3665635153935165,-0.9476463360021024,-1.2722745658435124,1.3750237318631149,-1.3088246762962747,1.7814232806824324,-1.3969857484310428,-0.4916809507952638,-1.4049787224875998,-1.1607667693248087,-0.9936360384757298,1.9809684129387384,0.6601770238596238,0.3302197577372196,0.118375226784048,-0.2885327672051406,-0.67136531031553,-0.0915709737944253,-0.0528257138269654,0.5746560588740046,0.7676999105882475,387.19,1
248260,1.8081169617425912,-0.7920786692250095,0.1998548624022058,-0.7676521484068666,-0.1144181400374154,-0.0903354259364013,0.235473460668785,-0.195665427906562,0.4688296059824355,1.02980043800234,-1.5386670377132017,0.3825827755945298,-0.4436597742869206,0.7450318012522574,0.2414483334028355,-0.1275526060279032,0.4120884063125611,1.1996555016437944,-0.9833219226861288,-0.7803174576042696,-0.2473859790892969,-0.4921710759444104,0.2640432416687788,0.0827176586958221,-0.7470871310726076,1.1733715880360278,-0.2873461703450099,-0.21369008776032,23018.66,0
517023,-0.3521757763053323,0.6593941527001881,-0.6795009039210194,1.1003281226776185,-0.0464022024283002,-0.5862610056203986,-0.5160823036842097,0.0391512647339143,-1.073164777251614,-1.032841596184035,1.6009148126048998,-1.4409154967706372,1.402249056559088,-1.3904533124139635,-2.1533803087789627,-1.2424932257217076,-1.363155409474365,-1.101840491770023,-0.394001251016716,0.8001383923165923,0.3256279499749041,0.3707996935002167,-0.5049149958040805,-0.727394499696929,0.722444209419573,0.850027510923835,1.0648010000711934,0.6901242469539082,22295.55,1
6371,0.8854814769296259,-0.4388862034195541,0.6591062545140891,-0.0588251231350876,0.2396447996234914,0.6754246102359424,0.3708333488403709,-0.1177460020187112,1.653622477157363,0.4790579572509342,0.1151481135528999,-0.2330361085531909,-0.0216622637484929,2.388450580235076,-1.3482780877802187,0.258730843690617,0.7121057538791122,0.384365787928818,-0.353000869473109,-0.4021201279206616,-0.1908817286994061,-0.3496741366592752,-0.1441891778724454,-0.6628304192594979,0.896861599722985,-0.8344470002355537,-0.2482027288322493,-0.1006879229149744,16234.06,0
452339,0.3431125819117102,-0.0934420456905542,0.914290537016568,0.300052162683305,0.7643502479344632,0.772533315714209,0.7596097259865832,-0.1677080827236236,-0.255097833609042,1.194120197893112,-0.2801953968575874,1.0919130197592355,0.6268029936046359,0.6477147758739072,-1.8005329345674284,0.9581364337171632,0.1523730383339223,0.2890969619520468,-1.421349708122071,-0.3014163945756529,-0.0447236464564114,0.4704783439795099,-0.1619676934918043,1.299769342855339,-0.1346002482266725,-0.1797976426483142,-0.4883537546606195,-0.5174851371487598,11793.74,1
186471,1.6443503618989828,-0.4297699621901511,-0.1415051977342012,-0.1771162260858784,0.5546240661442313,-0.0574014718544189,0.7233640020790563,-0.2235610911230853,0.3294160973518549,0.8468725340624786,-0.3067135479819934,0.8921110437614267,-0.7955011752591276,1.5334578655218325,-0.4259604142145766,0.3897839661001934,0.2338947314261942,0.4552758209098561,-0.2575968744263678,-0.345099000884503,-0.0281058312204356,0.3777338180362657,-0.1394053745805362,-0.7426787022190987,0.624415836888,-1.188326962893384,-0.2952066956981894,-0.2628401891612079,530.02,0
431950,0.4768914943414713,-0.0381916254661985,-0.6424958051175478,0.3796746466504198,-0.0186068252566984,0.280659670797392,-0.2380424253889143,0.0843374514566559,-0.1657615625696549,-0.5086268046867145,0.8494536922528255,-0.5742505379078453,-0.3317800624604535,-0.8306647606795668,0.8983265158707242,-0.7438366858970779,-0.4755245525990642,-0.2637993855143702,0.5328314983354374,0.4399714127537922,0.2504281237146148,0.970661924500935,0.0514497695022815,-1.2597867050373406,-0.2114911040993299,0.0945853069264408,0.4821769726929191,0.2873959240681577,21005.02,1
434861,-0.3705370724726743,0.1729957485319998,0.0864944804159954,0.5579127231440917,-0.1868673245587189,0.4098267200886146,-0.2279953686123415,-0.1044415111114189,-0.148205175764687,0.19328460579975,0.3670952322125408,-0.7107573696914258,-0.3682038321529179,-0.2320591407234342,0.9803359469396976,-0.5954981348572659,-0.7082812234323432,-0.3050213859984534,1.19788799942136,0.0033801379679551,0.2974189411743004,0.2977925539055693,-0.1858206998317979,-0.4530999918746383,-0.8506323114239737,0.1148341999524597,-0.837150827270229,-0.1786266004095643,6139.78,1
360030,-0.8633525667312641,0.677900483267263,-1.0099545324809414,1.5023992628436909,-0.042276121392758,-0.8320506224901525,-0.399810318279275,-0.0785834955097987,-0.3009270412911226,-0.1705808387812324,0.9867685357466416,-1.2464480801632325,-1.1887200699172114,-1.650239417236768,1.276994446744539,-0.8780246891882363,-0.6656045260737936,-0.3343086563466721,0.4844590585786335,-0.3644989601309625,0.1078947915005065,0.5484482106848352,0.3638350713613881,-1.0496474293378075,-0.2960860820758109,0.7852610693642076,-2.44933487075048,0.9443248343998032,7792.35,1
393970,-0.4256816620241798,0.2342958768329935,0.129819144976404,0.3962842023358646,-0.3264498459056932,0.5114273560998276,0.0834332012866391,-0.4393101799325536,0.4885239446040348,-0.0393634271078805,0.473936844324049,-0.6119258494911344,0.8841426702428556,-0.7280934060699882,-0.2978990114093228,-0.7971993189620027,-0.4788687522255856,-0.7189619353570595,0.1727642810192723,-0.1269513581338311,0.4079948022171298,0.1181847256011716,0.047835040100542,1.0648513878128,-0.5476738653540829,-0.7037640940784085,-0.7518266485763192,-0.4188270199456235,6047.77,1
250915,-0.0959988467043009,-0.1651414468794307,0.3570015094084939,-0.1613962332548476,0.5068039925687536,0.3952007345840044,0.5973416392259426,-0.0296653079366806,0.2572884250051464,0.2855555312841678,-1.2853050910604729,0.5323039870552844,0.1533517962616112,0.3650849007750212,0.7622960698571593,0.6746310191047642,0.7593496269579346,0.5366466137078526,0.2547764079931101,0.1936111347021656,-0.2614614352577954,-1.2307883596776572,0.4067905981209008,0.4215876233151795,-0.7300744162107744,-2.742513273663864,0.0347087081635502,-0.0058566652515254,18109.13,0
387907,-0.2630780273802275,0.4644515799756132,-0.7583021817458848,0.2454613582593188,-0.1121144215652197,-0.6372489014470926,-0.0370721766881628,0.1305124620589196,-0.4762291841040513,-0.556242542698732,0.222355634200378,-0.7451297408282003,-1.2374861191027504,-0.7138241180420718,-0.0287456812595452,-0.6362900443657079,-0.455317850211602,-0.2067394829047827,0.2687414696780497,-0.1101397058498887,0.241259300659726,0.8247839419363346,0.0095872590295847,0.6146045919225692,-1.0171984660268925,-0.4413291848512766,0.3123476294168549,0.6641019495277766,19466.15,1
296926,-0.9140639258399764,0.3825534441627889,-0.6543778267527036,0.7772926029730596,-0.581367591990868,-0.1913879216778583,-0.7606798955150821,0.136657428262189,-0.2266491915594533,-0.7241786398505792,0.7640771200590216,-1.0803253871162335,-1.1238399709654638,-1.1608965139473322,0.4612564178814079,-1.3880761734998728,-1.1028219287080816,-1.3347178859255369,1.330138754083101,-0.4441129174138034,0.4791400911070599,0.2111023240976551,0.1816471248801688,-0.201869100196474,-1.0732847516340556,-0.8079304815725946,-1.03447267947091,1.0030210553967231,17493.36,1
497750,-1.6344054824233754,1.260020594123344,-1.45215266849446,1.7544736096053135,-1.7768517288269563,-1.6388001964679235,-1.842575801356238,1.93625923296209,-2.33147899757658,-1.874731536353351,1.3829215095533622,-1.5904212869537406,1.426092087966389,-1.4509153902850025,0.9203929916561476,-1.9192486549441443,-2.177262738078151,-2.150145932296007,2.3045504243229487,-0.6729001957433434,0.9161667174340028,0.2974919557836687,-1.0318297744623397,1.4009803088440609,0.1379637884272991,0.6966997219487386,-0.8700436179340235,-1.1289308089967105,10772.01,1
270001,1.811381934890316,-0.4514253485943366,0.0818208228362123,-0.4590287390974457,0.2421312794264554,-0.2055118640946067,0.5096176270356928,-0.2306291906519578,0.8057771881171735,0.6238922545283231,-1.1769780016608646,1.1283414200031985,0.656530422581719,0.7987179025734135,-0.0465568234295545,0.415460498801536,0.3279747226871977,-0.1626206988498962,-0.0458935831667374,-0.3577928845415404,-0.2227950701748556,-0.6467211173358185,0.3027629199003127,-0.145285033050929,-0.5033335993409045,0.4637658643651736,-0.314127781279564,-0.246212209297895,14986.8,0
162848,0.3788630571632794,-0.3906768163790841,0.5046078350919054,-1.7455668871786978,0.2697897469982319,-0.2797016639717098,0.6439244165922929,-0.2326028844428592,-0.1566520896440617,0.6815790627626507,-1.2739045790090695,0.2062069795529209,0.5475895862380514,0.6164093570968247,-0.2046342557094268,1.1918832922272402,0.4275132223754411,-0.2876057651762531,0.0229510294261251,-0.1329029329291026,0.093188156354746,1.3782256634750878,-0.3023971350252507,-0.0503610742515382,-0.1049650367741907,0.0156911577432325,-0.1960977382710699,-0.0326667800598691,5923.74,0
48733,-0.5102220810869443,-0.6947219742214795,0.8127594342170533,-2.3160282713893032,-0.1063787801125082,-0.0322561079887995,0.0348647220950083,-0.5403030017696153,2.537803244330178,-0.0828458429252054,-1.0418136518423349,0.7735545668372631,-2.2230751634763872,1.082222778447451,1.5847423624443744,0.1361723713200262,0.6162143475524633,0.4608242263078819,-0.4450294165307807,-1.7137489164065427,0.8087212426988086,0.1432948936836402,-0.5177206482602311,0.9479064307273783,-1.093659662260838,-2.391680831858673,0.6982529000027511,-0.9586570122644984,18020.34,0
437926,-0.8323058776862031,0.5242189102275789,-0.8281279572362331,1.3372438415224146,0.2790748784209803,-0.7709241217683467,-0.2016340075495134,-0.2549357973413355,-0.416931957455726,-0.3328884690453511,1.020479447947171,-1.2884940128795352,-1.4692259002910772,-1.6940697234108184,0.6878019353691543,-0.8502687240454523,-0.7455779075754374,-0.3854979900256661,-0.1693171321513676,-0.4184163583949751,0.0895911803704064,0.4133194189423259,-0.0328164858695895,-1.0453368520246342,0.662539214755431,0.6663607776222773,-2.437353257232866,1.124123037921502,4019.41,1
407404,0.0090740083249364,-0.0927748204611966,0.9495047851110108,-0.2641906158371367,0.5613097573890008,0.2920114762278437,0.6727561092655281,-0.1424993969610525,0.1529188882903765,0.3555523309949166,-0.0104474935977797,0.4605787787823486,-0.7927022190367276,0.2609713647869538,1.1983425447333782,0.5692168847060987,0.8396344279087515,0.9236735221868452,-0.3281464266990761,-0.2141251325900112,-0.0692564456488388,0.2266188907455342,-0.2246971953504601,-0.293328082302762,0.2069234271080581,-0.5922270866204287,-0.3573732870923526,-0.1704117459565579,4631.82,1
144694,-0.121813012112847,-0.1654950588826745,1.2674242108768294,-0.5897218360744834,0.7169829884678546,0.1232660827355569,0.8952704780343624,-0.1539718596699383,-0.1447342803937695,0.4087983779863202,0.1115901894506962,1.425533716097167,0.1780954616711719,1.084267234737182,-0.5675007188300931,0.3527217435890121,0.2942513528877138,0.1154722533918257,-1.1190182127550252,-0.2290614666062447,-0.0166045635815326,0.431902575378625,-0.2506432938824857,0.4847190022028049,0.5252525931783671,-1.068725004032356,-0.1713887164074621,0.1243403697257076,23383.97,0
523915,0.2782272373161163,-0.0795551261178619,1.0056982073446017,0.3940174010159893,0.2268350405045975,1.1650284165973273,0.0725460403130507,-0.6428885584833873,-0.1374109842026065,0.7420990748118936,-1.2664323309565104,0.2990034537047689,-0.9800234660363484,1.3627411902447273,1.845871020169105,0.6140398643166458,0.4909306962277478,0.3127210280953031,0.0504979747412514,0.4924207284617854,-0.6485016523042647,0.2740333690448773,-0.0452476090467346,-1.1051977290570645,0.6552385873619706,0.6968317461300522,-0.080160156300143,0.5088674856793254,15947.48,1
103889,-0.0508584158812581,-0.0116584472657,0.9504352156481152,-0.7284211499974884,0.4445187764521278,0.1902830187889166,0.7394481369270235,-0.1793449596089403,0.3493268473412599,0.5448180972855994,-1.13009561744397,0.7986725667041684,1.5058718726936442,0.3467939454544905,0.9835149617369748,0.8527821790843523,0.3253975954830266,0.2968639258125674,-0.0531541639625755,0.1588655679995792,-0.2344051580861412,-0.7189209355621644,-0.1442930846157493,-0.8336436646622376,-0.0371311042657511,0.2673149304540908,0.0327807787983324,0.2723397703661224,22426.75,0
317505,0.1534250172903493,-0.1187967246131116,1.9162604728287684,0.4473277808632474,-0.0001796083130842,1.2889843355790769,-0.0258015868434787,-0.6049502619618958,-0.1394742375523585,0.717706349625835,0.0191010548879287,1.4172382131426688,-0.0624839138807291,1.0224436677332935,0.4025094003761378,0.5037279469405359,0.5498903054954973,0.5027961191876559,-0.0278537874922217,0.5595561999126586,-0.5355880811269611,1.1313876112572152,-0.1368037603856961,0.5411946070093521,1.0871525341708137,1.0311246133767078,-0.086447977827053,0.4378888136253469,10576.34,1
399953,-0.4261041428017289,-0.7175829635472804,-0.077959045438254,-0.1053211135357984,0.070211493640508,0.6847298828229426,2.1093325308958195,-0.3442082627341367,0.3370828580829503,0.8854311962245297,0.0381764225069879,0.0990502001796632,-1.4251697168228814,0.5128772606164643,0.3216414010225892,0.0608864498664766,0.1255155918313029,0.5693200281380554,0.6904173363830114,-0.1639687414831223,-0.1945476533140084,0.4922813122690614,0.4418346341177432,1.42574417187429,-0.2316995813017649,-1.3566055986831396,0.4013781642999771,-0.4074137427479883,5155.15,1
301835,-0.3744020552953618,-0.2917151819302173,-0.1847192553500494,0.3787712494722415,-0.6090100296028134,0.6420233255681722,0.046830404758039,0.1109448426105773,-0.2886338437297903,-0.5238552773888715,0.5303421691369222,-0.5451052833381532,-0.6994688083549597,-0.6398617651347729,-0.485255100888366,-0.7063957209321062,-0.4940834698175879,-0.1644038837777566,1.7950405342139188,1.3200071253410055,0.229322525172021,0.2303038520425639,0.9022311363623576,-0.2526959574045873,0.0452115289390949,1.7077517899085637,0.2213748237263576,0.5703969954346315,18900.82,1
313080,-0.7789315551312488,-2.8356064599804007,-0.60676795568855,0.6793953915646194,2.2904541190078573,-2.551503606406644,-0.2943369480106075,-0.0278340702424586,0.1964932664668457,-0.2336249996398243,-0.2061591699047009,-0.0384988651526826,0.8862013816588911,-0.437652794810018,-0.1597074358715917,-0.3713824026257514,0.0165278551696306,0.0235264734669076,0.0481608735294161,2.1251990384705426,0.3120613453523075,-0.1846000417006172,0.5672838788153068,-0.4602093030529501,-1.2528610946820171,-1.6742079025783216,0.2746341802561373,-1.9387577440961008,8111.24,1
197474,0.2775373874861294,-0.4106616484838894,1.0758792183956625,-0.8583507673392504,0.3014645766948076,0.5556953022298321,0.4782592343474807,-0.134680037519873,0.8609589289274627,0.5864591396506353,-0.4140495958314808,0.4163663078738803,-1.5891023133535378,0.752062606114696,-0.2583954037064166,0.7043160464394732,0.2164661477343899,1.158013142843336,-0.0076243706230133,-0.2412038428969798,0.0561209713883836,1.31422089558002,0.0043320991967151,1.7237625514525536,-2.2539504871755667,0.9377315270556162,-0.1506157597561176,0.0013914990349841,14164.41,0
344637,1.6274132466085949,-0.0831009265912408,-0.1434872585091043,0.6843540749554802,0.9574329817475112,0.4877961521434085,0.5809285467178525,-0.1547966718235026,-0.1873252391678826,0.7766996540189057,-0.1065637320475334,0.7547308344756207,0.4939658488157578,-0.1803936197374825,-1.6650250708475496,2.006253715498316,0.9535538283001912,1.2649093545489916,-1.4794380736805082,-0.3112496311618639,-0.1602497740722673,-0.298197638868282,0.0225259317168654,-0.5479882835089834,0.13005936575711,-0.0388986070543034,-0.2449113939891849,-0.0942974457787353,14247.08,1
54698,-0.5774633967513878,-0.1520330578966941,0.6153724250968207,0.4499553497982543,0.1095529518193807,0.2427166784612586,0.4781136327708495,-0.1005820975741168,0.119880351427363,1.617854638628193,-1.059103761284526,0.5870162988434019,0.8586028947402726,0.7882412915927466,1.5422977370828468,0.5740565364851781,0.4418133309525121,0.4617361626228849,0.383769060931847,-1.0135759776580886,-0.1006117793620367,1.0097672081662925,0.6183352120281774,0.938602764624612,-0.763027522975983,0.5308878766624534,-0.5966765349885291,-0.040305361143621,19940.06,0
100288,0.9366544826451524,-0.416900904749384,0.906670736443851,-0.0765470638407494,0.068568493080659,0.3487710689205832,0.3814830098364725,-0.1416816576971742,0.8840661030781767,0.5122151658430084,-0.8550055670055177,1.0614300232331402,-0.3355489144033895,0.6769696715520914,-0.2245918503130232,0.0602061123949257,0.5942729691821199,-0.1787795873916248,-0.623724543406127,-0.388257228488515,-0.1087173108281194,0.1865159209393586,-0.074462445211931,0.9112104076777472,0.96065346374682,-0.6549787184839144,-0.1741350684640786,-0.0490572126845211,4383.52,0
112174,-0.0788944010278474,-0.170772551912309,1.8605687472515484,-0.8824329761709466,0.4877804381047846,0.1337554731828455,0.8065326629248567,-0.1797972962691948,0.3036994329129111,0.2838598682625327,-0.709088608176031,0.2641689459021636,-1.0142665250517675,0.5128024748075394,1.0653849641141795,0.6663564442722694,0.4469727197620854,0.0010243194531389,-1.1578722969176891,-0.2466046333109988,-0.212200033597562,-0.694921749043228,-0.2039536094251341,0.025078353054718,0.061459936795274,0.048081016858956,-0.4178926992546319,-0.475718768889756,4536.52,0
511162,-0.5732267460100029,0.497390838315307,-0.7427116534861161,0.6227448839381441,-0.6561454259952317,-0.0162949044598614,-0.4566600275879929,0.3276866526399506,-0.9022241253189838,-0.9413816175612416,0.9378217291696028,-0.9838876471610414,0.0822911505886597,-1.083261110824165,-0.2056066758983421,-1.1181052165408265,-1.1310782130932602,-0.8356660694379079,1.5808149008117305,0.4607990788859623,0.2656793924421213,-0.0078918484572398,-0.1436728450891235,-1.0885833086975574,0.1790001807535665,-0.3483812246450777,0.9173084705880378,0.8055530866285877,22628.97,1
132790,0.7529514626079769,-0.9166186583924918,0.7352648864005156,-0.5102914669463572,-0.1675672619240213,0.5570664768351248,0.2478994319484677,-0.1062896102138786,0.2256212872650752,0.9320698883242152,-0.1880944956617884,0.7131832763462548,-1.506232872731426,0.8545747178809788,-0.8729146529150903,-0.3182638142905936,0.6421075677845138,1.1314929031172682,-0.9014323199622892,-0.4818344475279597,-0.21346780960933,-0.5236725839902547,-0.1231964274331261,0.4424649085461947,0.2859667958750398,0.922220969016916,-0.261433308183322,-0.0251652872758414,5023.19,0
448611,-0.7789602571958087,0.3169922173273927,-0.7511599465339777,0.2647976648728609,-0.1629274946660221,-0.816360414709444,-0.3500472999078085,-0.2848517609865704,0.882721502692222,-0.6394641664176639,1.1182538946701668,-1.284762119648492,1.3684648595813176,-1.0813065315540806,0.2821432514020427,-1.0314792333862968,-0.8918837642582783,-0.7817586671673077,-0.045163950173478,-0.7707347056243077,0.3746325590584058,0.2011813318979766,0.3770157779611759,1.122535786803837,-0.4008814134162109,-1.1124180885414503,-1.4398672938596495,2.969843646631087,19420.28,1
166873,0.1800046281631863,-0.1457092978044861,0.3955200615342407,-1.0011351850990162,0.7706027296809893,0.1756811718757406,0.8259347866456129,-0.1546581476553464,0.2123196609139904,0.2675625110904457,-0.0861480990953323,1.0253062980730954,-0.1543668828945946,0.3933247278811364,-1.0670043644022764,0.7310443521237073,0.5086884590928396,0.4657173485666145,-0.2175956928942828,-0.2893146947930887,-0.162155095336209,-0.4078373399888131,0.1217847158036633,1.3061570270903702,-1.833080952768064,-0.0357715954427595,-0.0321140260394948,0.4967445908371534,10924.4,0
280373,-0.2169021334648267,-0.2400412191589439,0.5113430958873451,-0.9443263119989748,0.6119958704534585,0.0711282902581415,0.6750439783092446,-0.0965914324412309,0.2541169146085238,0.2699623680665644,-1.7131657646682252,0.6366922908434614,-0.0326775976993641,0.9819658264950064,-0.5858780766945685,0.421741896176979,0.3869718180493458,-0.0175363855302082,-0.0013906153123845,-0.4040478261997881,-0.1652480451814017,-0.5878103510580827,-0.2900311663162361,1.310537883245869,-0.2507737831467072,0.5423016515160015,-0.3651553714861045,-0.3082894456697139,21190.07,0
44726,1.0077479474639577,-0.6851085381141413,0.416657700942831,-0.923606567765537,0.0334633333336941,0.4139336562007127,0.2329183171842742,-0.1158483540972482,0.115353922937895,0.7142110905535911,0.0139906091786033,0.3237436415012142,-1.107424510486926,0.3121761682316636,-0.2921527409282394,1.4281677000500907,0.9692421478554198,-0.1930064941267091,0.3730116820404942,-0.0449038583627001,-0.1044485265817501,-0.1928968137780994,-0.0931362658350343,-0.6776482451127367,0.5103571373665933,-0.6386127157339346,-0.2190475168715657,-0.0317707197066451,9405.8,0
402303,-0.7570216531289915,1.5081064208883548,-1.4905494350529231,1.9134454959589988,-0.5875326902418158,-1.5529205450702708,-1.264532257808645,0.8178323679198077,-1.8185281525799744,-1.8239914226809764,2.422576402625965,-1.9269608676581245,0.0291573736306544,-2.0384209368841364,-0.8472614951837482,-1.7881642113291667,-1.625017287778493,-1.5303839130471233,0.147863070976579,1.2012826805559214,0.5942927306136039,0.0134051349009613,-0.0075467293317091,-1.9189557290594,0.3057277368059077,1.298860255648275,2.380272774206772,1.8174269771428848,111.95,1
355374,-0.7689622471190402,-0.0936843214657995,-0.7653335427351174,0.7275266364784079,-0.8159200911349971,0.5268867012052559,-0.1025137396505177,0.0663642755957873,-0.7187161424863546,-0.8776772184305088,1.2068718265731728,-1.15706306939111,-1.573787247793816,-1.1301631678856263,0.2866490475847791,-1.27350216480394,-1.2897144596292982,-1.1284564741018146,1.5465139658028837,-0.6323128124544122,0.0944869236847054,0.4369453972392745,1.1447499113579898,-0.4899295229116263,0.3901080853042566,-0.2726203000587911,2.7154942307403136,0.0167121189960407,15843.11,1
409062,-0.1937271268235965,-0.0634333705354002,-0.3940760313517075,-0.121664296523516,0.2350953257457483,-0.9106171260380548,-0.0731730250746111,-0.0668559884974853,-0.0343043498893634,-0.3401926207464674,0.874039555264981,-0.7872530765459639,0.6195351074830473,-0.4181983665805319,-0.7351044584616566,-0.587834825152812,-0.3858858942784229,-0.2680417928521881,0.9044802792892088,0.4103126153178436,0.1585187621837623,0.6545123747982983,-0.2649246566291184,-0.2334865949055794,-0.0273921710804116,-0.6254239477225105,0.2734874811576445,-0.0145314422934513,13974.99,1
66461,1.0735884562513145,-0.3058771240753417,0.4615530657199964,-0.2490256332044023,0.3540075597355174,0.2069222278773427,0.5381275496964331,-0.2085055336355546,0.407022981669256,0.5889287021611878,-1.2936976130341276,1.064493415689394,1.4894865333332126,0.7519374881121444,0.970640103903531,0.6195194773506021,0.2125137618363454,0.2965493252356174,-0.2694879233912445,-0.192990589386815,-0.1076527223564467,0.0241309377533075,-0.2442070649182269,-0.6948801596236155,1.3407844818840575,-0.6640651788041123,-0.2147565928388304,-0.0634246676253702,3395.49,0
126650,0.9524312976235738,-0.4603290591038696,0.3287425580050069,-0.0230907388823196,1.1898592420085987,2.5889967517052885,0.1526130125085006,0.1080454995991228,0.4182182712249577,0.8719100115461081,-1.1568306361940903,0.5755170141548175,0.0199878647968773,0.608317149740122,-0.2973044594997813,1.0501717212177988,0.2000804519156372,0.5374384678678172,-0.6576622625803968,-0.1592670564094626,-0.0923291559837178,0.0116782316969637,-0.1710707939352622,2.283128098341341,1.0682687008557863,0.3765899330694995,-0.2054899544477233,-0.0398898606072642,18023.2,0
556340,-0.0446637895466989,0.9089326041012408,-1.0386572533270684,1.537741676712144,0.2046770292364746,-1.2276782598853482,-0.3535157209927233,0.1890302790055974,-1.339027036502359,-0.8419591089343622,1.055079954872246,-1.0853986761033392,0.0481175648946259,-1.583694672026474,1.1560362141669072,-0.5395719317943285,-0.1923805478373219,0.2812449516259517,0.3436638529074501,0.6424349802784252,0.1228568459979185,-0.5590167884053912,0.0038737110260998,-1.3501977926179214,-0.0967964759332667,1.1288114263004856,0.5930151022871474,0.3397836687333077,12163.67,1
526072,-1.89381809246622,1.7904192691219731,-2.113514503661292,2.348084941282496,-1.6845694135287066,-1.0593417071634774,-2.1111751273297434,0.1003547529427904,-1.920476485722361,-1.9047327258957023,2.130108492870948,-1.707257052595612,0.881324166143366,-1.6575579015112958,-0.4261762029993292,-1.4905525582239312,-1.369166255278862,-1.4337553230845894,0.318480677177962,0.8124525691494052,-1.1308257356707712,0.9642991146516764,1.2133280514112412,-1.7000805064262237,-0.2299013371821706,1.3705789397340955,3.0331683459964847,-3.5549279588957483,10481.97,1
535920,-0.1486738661131676,0.8606272109406076,-0.9748985536681316,1.4781780351134453,0.3994195629939938,-1.0192420535103508,-0.251903770285534,0.1675449826616572,-1.408895333935135,-0.7906097856899897,1.1140904614823826,-0.9459710129496076,0.731535919363048,-1.5256240039847,0.8370993009327904,-0.3913939327717109,-0.0176981143999679,0.6365664808369077,0.4285263593959953,0.5581161728419876,0.1109649931593274,-0.4401479045533015,-0.0558215509698621,-1.4797337748235455,-0.1188871027425158,1.1310545109591894,0.4688045542525155,0.2741269321030744,12743.21,1
491491,-0.8795299943748422,1.5899054057833426,-1.4687982646942794,1.812599419614072,-0.5972719507044635,-1.578696482292695,-1.262694585272079,0.8911545722050598,-1.877276456807384,-1.8721829430374743,2.400952010121355,-1.925128770950968,-0.0380493656718452,-2.028537637170322,-1.1379821449119163,-1.7558991662732744,-1.6332052690173162,-1.540345670847911,-0.3063845613534231,1.151366261217896,0.5899862430340317,-0.1475050575832731,-0.1829989468030042,-1.92543767330922,1.329062092190646,1.2860039195498585,2.197147997346642,1.830720496277966,2920.52,1
325151,0.5244755961349808,0.2916810170457605,-0.7185359116185109,0.7990304965761016,-0.4026569334580512,-1.1494500889099186,-0.507687550150627,0.0886961797869628,0.2969043495232958,-0.7238119771914615,1.2244935198401634,-1.194134909357665,0.7617296654141982,-0.9329234817579204,1.2457283825285126,-0.8356258180633486,-0.4735570889200344,-0.2470876840930578,1.1830102935924325,0.3085643795899172,0.137012325986128,-0.0287345742516271,0.721828805502572,0.7188058112387192,-2.9906585040179627,0.7079894961204548,0.5359390874957345,0.2583711287318338,16457.61,1
244689,1.828445434800308,-0.8501402523663428,0.2492837889354643,-1.1286312039419857,-0.0905539613569522,0.2717698233138063,0.1308047659394317,-0.1555902795525728,0.4141800180741371,1.0461757629832895,-0.2727920470462412,0.7682368232777368,0.48851236448661,0.5338974760012436,-0.5946658965719027,1.7040009491086403,0.3652568073645519,-0.0141236636345698,0.476043045636828,-0.1035520690252868,0.0435057062897742,1.0187765312810595,0.0341136581650658,-0.4920111835653633,-0.3103228737855898,-0.1980875512633143,-0.2349440055015241,-0.2355368624688677,5704.38,0
111651,-0.0903968961082151,-0.0562544273467806,1.2242904937609058,-0.6177294941747107,0.0931222291273637,-0.0999225052905548,0.558064684551467,-0.0636897609024204,0.2162557734462606,0.3952866118850505,-1.0403127484397894,0.5408748717394105,-0.2752952255824397,1.0455656147610275,0.9875622057713802,0.6963312243700382,0.377652033884208,0.1578857671962082,-0.2057920006495311,-0.1876208916671667,-0.178677110442457,-0.6084829605914972,0.0336734242881554,0.7469397500438751,-0.3756156930216194,0.1838485026929038,-0.080066356497541,0.0392336727821329,9896.92,0
134483,-0.0826696280008059,-0.0652709564955236,0.9432987375723316,-0.1974779348145379,0.3356672509760988,0.8799368950200271,0.4845608831695287,0.0224621889542932,0.1503974363220439,0.5350306165196677,-0.4602826002557657,1.0815785933575226,-0.3288259449668414,1.0516664900915202,-0.5030097247853522,0.1195457760112748,0.5520643746724896,0.3984247424455662,0.8067109907701867,-0.1196276269867262,-0.0986225939160222,0.1609264344250492,-0.204552127494962,-1.0994753923420018,-0.1069682013080015,-0.4492078546510176,0.120066313348715,0.2007960646055874,12849.06,0
33812,-0.1204627102921551,-0.1512281522155907,1.6319484014765764,-1.0580024556676189,0.4154154492359129,0.3363392618710614,0.7456308859463614,-0.1578190801936161,0.4019498527779243,0.604492344427442,0.035112150048155,0.70245169762052,-1.1335225146201218,0.8465105731930525,-0.0220388579175607,0.7020253191818763,0.2250167867193944,0.1245596730610554,-1.011959937449366,-0.2211194010805622,-0.166933208022574,-0.4101848720899315,-0.0670557785179036,-0.0342585662401248,-0.7812422581696562,-0.2895845811343192,-0.3853468548427913,-0.2312036485034384,518.55,0
452508,-0.2419560006993674,-0.389231633679339,0.7113488312958801,-0.3836889222162743,0.4505904974079666,-0.1952864324837888,0.5677347054570162,-0.2018293082478098,0.7197486653247688,0.8812278416366839,-0.8346929449955085,0.8289335557722286,0.9679856800176272,0.4413595051300882,1.2639218374318393,0.7713719054999597,0.3090867949092399,0.1924667732067039,-0.1985270058345007,-0.658044349588778,-0.339719449182917,-0.3960838928338763,0.7637488577493117,0.1130146127712546,0.8137328516490514,-0.0944721117061252,0.7326465587773145,-0.1006839568820619,9899.78,1
260405,-0.0392485810881489,0.0314373115218013,0.1036696045684624,-0.2733352339885432,0.5689306094089832,0.360909660206793,0.7015328648408244,-0.2914399481569875,0.072375842984178,0.6758558433866017,-0.5881789982708869,1.1455351061482464,-0.2523185100301915,1.401875828232909,-1.1783188936483977,0.0852936459900774,0.4277697074959443,0.5441834646427541,0.7069171553658358,-0.66611791035122,0.306125496190037,0.607123492381013,0.0327243716472818,-0.7892897145752176,-1.1601139684816053,-1.3065022416236765,-0.2967094338670804,0.3479576205799785,6866.3,0
566746,-1.9929960394674435,2.559879605920889,-1.889977068357643,2.22729718955798,-2.298126542932652,0.2359486774716039,-2.7458698396317094,-1.1719666067159769,-2.567111117430642,-2.292017847728451,1.3027173539796522,-1.6927088386905105,-0.2305344601918017,-0.9290952905396358,-1.206424754618001,-1.6789014500798325,-1.809136552753484,-1.9557782972742124,1.44965455492162,2.2188536386686377,-2.369786026855623,1.0338272872400134,1.9842416696510472,0.7156753009029015,-1.1622249511624032,-0.4411402090904671,-2.683618631670507,-1.2710943755245685,6857.17,1
332883,-0.875949221204434,0.7261357283908765,-1.0598794183069007,1.5480132912520534,-0.125346631423808,-0.8519288559419176,-0.4558138134936267,-0.0203353597103959,-0.2667623584618728,-0.1208393360275861,0.9754865863510966,-1.2333584833802576,-1.1060759354492935,-1.6364897667383678,1.448633329556769,-0.8847885800483164,-0.6412287995955546,-0.3190437352620499,0.6601979884960898,-0.3481257247245666,0.1133325044647503,0.5854352880552997,0.4831011073139922,-1.051295712143736,-0.5503751446407803,0.8193072064592951,-2.453435200758125,0.8931203977821843,20655.23,1
345725,0.2936866881790516,0.6069442964362952,-0.7871447485526316,1.21284353943381,0.8530279769999426,-1.0339973251765675,0.1152210524230917,-0.0444723004066437,-1.1259974463633524,-0.6247905386655513,1.151721749875534,-0.912501896369948,-2.424212758780854,-1.3553216631895737,0.1561287436833635,0.0061304663985764,0.5412833677684383,1.0360129766727686,-1.4815434291789993,0.204933717630246,0.0473639731478821,-0.366740082673859,-0.4212541585273734,-0.8238623387890673,1.4160609107149675,1.1417163515853637,0.4656032227030543,0.780867922094518,12301.54,1
224581,-0.1159332108412435,-0.5244961977770523,1.7037748440542833,-1.5721078024076238,-0.0662034779259397,1.03333747701986,0.1172586043451685,0.068931643678433,0.0338123034395434,0.5076986443824788,-0.836595060823021,0.6611773055912644,0.4445444570525033,0.5710243406494191,-0.1223084626894445,0.375385901400823,0.2150018561309572,3.0284727818535013,-0.861709328268288,-0.5484236955268362,-0.1429799504685157,-0.1278440490835334,-0.1768653048311354,0.2019429627548253,0.4386232617762761,1.5463822701192027,-0.4373949464048711,-0.4367619767820216,13477.57,0
69698,-0.1945852158482721,-0.3042534874375877,1.2880141379117598,-1.82421380328356,0.1384925774255776,0.1597729183770106,0.6266598899944523,-0.3741420741918936,-0.2224891330954585,0.5945181108273339,-1.5393444287395956,0.2943952008222673,0.3419470347216958,0.6604326920027225,0.1449596227875065,0.0311549739763983,0.2962278294105482,1.2457773796678602,-1.4011820945829214,-0.9845323634727235,0.037649428478467,-0.8529523846438263,-0.0834415414318689,-0.2141907775575571,0.6571055636057174,1.9046971643137176,-0.3203079240219021,-0.1181297332797213,9230.36,0
67470,0.9417375537773572,-0.3854718248447227,0.6827933534763481,-0.0755188362237243,0.1981760911197372,0.3767117916146854,0.4668430642232818,-0.1587167092973289,0.6617116432989948,0.5423040028587481,-0.9548614030444278,1.0993876098040731,0.107362791753075,0.7219084898214495,-0.1640080037821822,0.1007227698012346,0.5293279776431158,-0.2148192296322116,-0.5425230210028966,-0.3204756088412754,-0.1402399372586532,-0.0892993754062699,-0.100069282793535,0.2305709293456894,1.0321380857667957,-0.7502421961641902,-0.1936896362849034,-0.0548302726140678,18669.51,0
203510,1.6963075378323798,-0.9052705699443608,0.2631882618856846,-1.1157594791880856,-0.1055783146346082,0.2772232192350306,0.1633319851074776,-0.1564941129579721,0.3693848477185709,1.0101839962561283,-0.2100609002193509,0.9026577534061172,0.6410688238087665,0.5462173474095431,-0.5572891327604835,1.8263114650868624,0.3598144153119312,-0.1914236807784526,0.5980593493306553,0.0334075658821013,-0.0847903788472018,-0.1098187638368636,0.2344248478823736,-0.5935212244072355,-0.8854029478059838,-1.225734186815166,-0.2451843546246767,-0.1890512904467433,9900.49,0
260911,-0.0641065777016302,-0.5384806995522251,1.733582827489046,-2.3994467265748165,-0.1506604201430402,-0.4343479609149183,0.4522186135068559,-0.1744034833022434,-0.4590125576062743,0.9145417328684324,-1.1082921677265138,-0.1463991134957716,-1.7479131581039673,0.6252101492784162,-0.7395479083127895,0.1352768830596306,0.7220032322379338,0.2306266000298964,-1.1541228778839143,-0.5275836472928024,-0.1744772830788748,-0.1583591289398465,-0.2665517317726527,1.8777312922923528,0.916811389523259,-0.3515470374470433,0.0569512911479256,0.1679345348887401,14164.78,0
261672,-0.1885731036917084,0.0734124150510669,0.1417471619214282,-0.7655827463148304,0.3774577737594263,-0.4360394476649707,0.72135201698308,-0.1222101953524281,0.6269764339689281,0.4663646196870579,-1.088350325559306,0.4588585253505148,-0.1916591405650768,0.421974608456959,0.8105230133669463,0.5034364808835892,0.6690942174327686,0.9009217384995554,-0.3647964696636285,-0.038243188480563,0.0018417764136468,0.9511992195796128,-0.1349027804381435,-0.0175393811679398,-0.557422487314181,-0.3243383401282036,0.2927840166636413,0.8423540286305237,18111.37,0
536697,-0.3365774392832768,0.5270131062180041,-0.6167487604452272,0.4324147314159772,-0.3939806956643611,-0.9964009930192902,-0.5373425167419605,0.2418417059008648,-0.1187663320296911,-0.948860227115498,1.4552142535505368,-1.2253648859930184,0.5705302039534736,-0.977562636180046,-0.3126262570114233,-0.8017785650476892,-0.7294049136719446,-0.3385779089835026,0.3827977487377116,0.3471599516770979,0.1556541565312705,-0.3827618537022172,0.1065522139833689,0.1977506105059166,-0.5511601160542509,0.693939268139309,0.5120177217760523,0.5636141965572506,9629.14,1
359378,1.6295273351458948,-0.2296143049249931,0.362050461666041,0.667499262271391,0.3862749362989987,0.4151556967222904,0.4270547050317413,-0.1903060352659036,0.8404763519969611,1.100395557457404,-0.871791158125189,-0.360609031757229,1.73241005618083,1.82573503516444,-1.442245140246407,1.1695648200373654,0.4324731046156441,0.2710793908457058,-1.7431190847872269,-0.5103065582696349,-0.1806876635321616,-0.2565993412667534,0.1869083350090007,-0.3733488821625655,-0.2463920871185002,-0.2867933236187826,-0.2915777173816805,-0.2107678676256104,12505.25,1
466088,-0.9859041144249788,0.8327094660846494,-1.1805467675091508,1.3004951241980445,-1.1803307323122778,-1.8116236331348217,-1.472263274163567,0.8159425400932668,-1.6916225427976506,-1.8701878102768603,1.9008503525308589,-1.730597726366424,0.5985209913046203,-1.8581805165823968,1.9017956336149515,-2.027152375759995,-2.146712388895615,-2.063883066311191,2.6027139970374424,1.0002470179040477,0.6451202805336294,-0.133789392793409,0.1271828111651746,0.4960915537940382,-0.5363611982726819,1.1735199720624203,2.333334579984744,0.8607748161027261,3092.11,1
92574,0.3439167868166736,-0.2596178987615315,0.4607503382615595,-0.7230344010602152,1.5221341487725717,2.285501923255034,0.444335475094606,0.0029133515166813,0.1752743995766846,0.7336772050855787,-0.5766947131358746,0.4095887459058704,0.1798855620894716,0.826312946249364,2.48796472784001,0.378553241459634,0.313623117722,0.5015622520021417,1.3374608594033035,0.167068542051138,-0.2075537149564819,-0.6338613584439685,-0.0064055477243215,2.2344472501372703,-1.0143678097281896,0.5481333483726056,-0.3190837784944798,-0.4574590050183152,16143.92,0
445676,-0.4334253321958044,-0.0006279839723104,-0.3313028817804693,-0.1594594211089476,-0.1110412257545202,-0.2856601260086035,-0.2558005626109031,-0.0569562185419965,-0.0997711972896356,-0.4560552631672048,0.7743839614414731,-0.6179002658874234,0.9131054424079706,-0.8117070386865862,-0.8087909501240899,-0.9696756670982372,-1.0439307845778882,-0.8065522426362663,1.0800919778186795,0.1279339113523652,0.2099222298111374,0.9051677950736534,-0.0519485221107369,-0.6055029113516294,-0.2703690007184488,0.478391837924791,-0.3109087742234085,-0.1918983981222718,22610.28,1
248612,-0.1123016342412975,-0.2712438234333006,1.284828791098999,-1.0012835225821162,0.3879213720444741,0.5547631932276604,0.5324641810577591,-0.1660869987025154,0.7352620615835377,0.403739493082655,-1.3774658768843615,1.134570845962961,1.6339171839614623,0.3630023391567231,-0.1409722725322789,0.5809131516283847,0.2433024289575509,0.3156266653863188,-0.5424374331803319,-0.2789432811724408,0.0291144528145565,1.0284783655565026,-0.2825692327015156,1.5559499526104663,-0.6681483921490623,1.1019591264930526,-0.512844830679202,0.4658089246121501,20966.37,0
470815,-1.0499762494721747,0.3787923278342121,-0.8613955295943031,1.3749274210341766,-0.8215703074025499,-0.0248196127231941,-1.1653087239051083,0.4491202818337156,-0.9594780936441728,-0.9080982356085257,1.1671480363653577,-1.2564907308722346,1.2189736956444868,-0.9033004040936,-1.4270372990945286,-1.3010373479144954,-1.498880541280528,-1.350638037996362,0.9443173057661378,-0.4976032634707968,0.2542382792340673,1.0130619530571634,-0.34509113695982,-0.3372557794297897,-1.6312061589086282,0.2176407972579206,-0.1566380598231598,-1.1217891487369112,16805.38,1
243870,-0.0225417578908385,0.0171648861609697,0.7590114608169575,0.3898468065160662,0.3142850857621036,0.5317317398106297,0.7699384438816979,-0.0737947960359796,-0.3052917753706486,0.8735151992476341,-1.8390887745743647,0.4049383212763823,0.0703611075925689,0.8788823170573514,-1.176365938196808,1.2587600185935428,0.2352157142421745,0.1103626419858261,-1.918804476273418,-0.5393563753598662,-0.0516942304240209,0.1232089494605201,0.0507193012272424,-0.0783443444987928,-0.6851882431574563,-0.4141215092681762,-0.4327991747440864,-0.1769483243803036,14529.5,0
552593,-0.4641330362101865,0.7245813844381489,-0.9830839255450164,1.135444792183394,-0.2877199402037367,-0.9605449421953746,-0.6737779891637987,0.2160779980716806,-0.7623363751981604,-1.052922108981651,1.6356690511108536,-1.3908625204300775,2.1657789961469565,-1.2517341306030283,-1.2582204467392728,-1.4494867249690502,-1.1440903184329143,-0.9739078204111816,1.7819202102548497,0.5605808546104101,0.3676638176516027,0.7441317583213798,-0.2370475546401243,-0.7011078617890281,0.0758703881185593,0.1522997984246725,0.0203498329190415,-0.6777186886931174,383.09,1
533564,0.9435104248200898,-0.0587728398469399,-0.0065658535708411,0.1394351572888844,0.647735333195784,-0.1147916778902795,0.5580237577340142,-0.1640557168939448,0.5417134069726665,-0.0744016105773772,-0.1224556171689486,0.4231905358293309,-0.2130542616807257,-0.6091609399848268,0.4110792856947279,1.1225382217500206,2.6339060277232584,1.297763287802447,-1.2200737526648084,-0.2167247047006374,-0.2566373995975657,-0.7198175263090817,-0.1594352489538241,-0.551804224568719,1.048353492604985,-0.7383137701652688,-0.119556228612591,0.1982006128799344,9603.49,1
321442,-0.3982991124131944,-1.0079318427447503,-0.3717150613904819,-0.3017111330823815,0.149808763700022,0.2757095010750658,2.184078536740877,-0.3901669093476708,0.4086105365901619,0.4220386167257821,-1.6064341576891414,0.1854378475079082,-0.2746057940996224,0.8848247643439934,0.0608363927707151,-0.0528234513827615,0.1750792919487276,0.1157318401960513,0.4840798049625945,-1.5143239211252484,-0.0629573639748285,1.5397379535275426,0.0225610286966338,-0.8463600846747024,-1.391129563856312,-0.7823307539563998,0.6159533361994933,0.7642411110608099,20244.36,1
809,1.00654885148747,-0.3922033589542151,0.6900517254822476,-0.057985156304513,0.0835840683074023,0.0630484044417689,0.4424647896437255,-0.1658457411816109,0.8505537511198645,0.5857003765529964,-1.3855741094878622,0.3813298775799708,-1.7247391020176062,0.9186406870301618,-0.2254369929389167,0.2713929163002866,0.4670157214491636,0.1169875781870897,-0.2112167384989839,-0.4483288093161522,-0.1645930218100087,-0.3143793854491564,-0.0910706543842538,0.765453478743881,1.065269854329135,-0.8058697936591818,-0.2220538057885822,-0.0639726258300819,4453.87,0
367314,-0.9368309118021372,0.9376611701847974,-0.9685596530548912,1.542987165792698,-0.4971401103065226,-0.585369312712461,-0.8260661131585565,0.549203926693633,-1.2919988222855483,-1.0891969907652443,1.6337878849805714,-1.423832619696572,2.6259334894478816,-1.2949066752749838,-0.294047132464676,-1.1774709696751642,-1.0410497469303877,-0.6514439019616626,1.4747740242284813,0.1490398346343942,0.3738090336757441,0.4469021292281387,-0.1494239206040391,-0.8453306241437261,-0.2424492211859871,0.881896936062455,-0.3102606211777365,-1.1705895551855072,13078.5,1
355983,-1.75824603448439,1.6852349518181298,-1.9638033157713524,1.398309712749173,-2.0877021169250845,-2.8090277000706174,-1.8331167376094408,2.4172418351133995,-1.2872667165157414,-1.983625335322716,1.638404536715717,-1.6788059897940273,0.3977899854648641,-1.520158961672658,-0.6127459050961607,-1.7016564301466726,-1.710626846746071,-1.639575036636619,1.0063523775255263,-0.709287232414896,0.8501834587066408,0.0449443552675234,-0.7427630564236095,0.7123833527297863,0.3112845161520298,-0.1620064454903888,-1.369546237038684,-0.9683923224855382,19913.03,1
38796,-0.2867580088308119,-0.2855233144288823,0.3896892274346772,-0.1188064004983943,-0.2165690114415411,0.4278453320376308,1.25477413224893,-0.1580234913986704,0.3555752682822351,0.5059273595318915,-1.3620426405183848,0.3899406304545968,-0.8837223075994652,1.0720397977001497,0.2597936172616543,0.2216555431122927,0.52751204734084,0.3118095376357792,0.3336131120685117,-0.4939810404634155,-0.0947369501466304,0.3768782584209829,0.1106276315260103,0.892810413822032,-0.6192830004072137,-0.7887604936227312,0.1337631663717967,0.1224946541410758,17447.68,0
553699,-0.6268516714133369,0.9825421615786046,-1.2598797817286036,1.5477895741442211,-1.1082614280144922,-1.074143063031238,-1.4845792335058448,0.8091982584994366,-1.1486581340862203,-1.6965208911556375,2.1625186977765463,-1.8737975623931464,0.5063206982017127,-1.7193581949175651,0.5726508389323356,-1.9997082849578829,-1.984881988951048,-1.908662864235995,2.0518131023969017,1.044982574431264,0.6730155187503295,0.465703575618248,0.5370674111627821,-0.7249442434087241,-2.0617298241268305,1.1345357206946671,1.922640282220342,1.4938453366898412,4057.4,1
278016,1.6264063988457136,-0.6101764211522278,0.2119223709702894,-0.551150710050043,0.1936387805842694,0.6204218871883084,0.2773333567693926,-0.1148961366754417,1.1515195688336606,0.5876855972459728,-0.2795142670363646,1.6129135008213642,0.2312135221178164,0.8021172150952783,0.0103973685636738,0.7708919284311032,0.1911858587869879,0.5238271150658453,0.0582290789847175,-0.2559361921173103,-0.1735089566462008,-0.5044050010434363,0.3245831230990846,0.5172194554295179,-0.7593281033207855,-1.7705567978750771,-0.2187812768013126,-0.1764424575344205,7787.88,0
345437,-2.434388950849541,2.976314796381791,-2.343726117607328,1.2482432277395716,-2.9754447617008086,-2.6688920681786827,-2.271287922516456,4.968999288838876,-1.1137842813283512,-1.2351658371116034,1.0536570485175671,-0.9851297481722788,1.012559971766796,-0.8272412448250677,-0.1303905979239041,-1.1692065726226974,-1.3826610167664932,-1.4311113763090186,0.4867382910186315,1.4499616868543004,0.5650044662955591,-1.622416304545105,-1.0636522180451986,0.3345111612356782,3.181564324213229,-0.4973520371762618,1.7211886990947938,0.8747203151675602,4439.69,1
198863,0.1440166909037841,-0.177631767171627,-0.0111863128469373,-1.4054969638688275,1.157258534445906,0.2402474018527758,0.9895159365937268,-0.1977369722814033,0.3279367543933512,0.586037281295959,-0.6553267134032866,0.593985396052769,-0.5945782115160343,1.2469804114347829,-0.572859191428753,0.3885714352149378,0.1745515966784337,0.608417197415861,0.1953082266861011,-0.3016484289048051,-0.0417753228853932,0.4608117375396389,-0.2827256087261318,-0.5548536168266128,0.5492829939808584,0.4211293960379221,-0.2944869452011283,-0.1007143087618295,19535.21,0
241807,1.4212742991788916,-1.0186096199935752,-0.0911723678423787,-0.7293029148209971,0.0571414438825396,0.1660959234923867,0.4228813681599201,-0.2155830999362109,0.3888339499715792,0.9303903221649676,-1.7978614466096403,0.3126419128496389,-0.3703006717957023,0.949296768163876,0.6072678582836984,-0.2200471030701011,0.3618522166312414,1.806125643951844,-1.051675884293754,-0.2862302205230009,-0.0730948122282318,0.1579119778411231,-0.2231222244510827,1.0043237805288936,0.1635967040738846,-0.1281482928882144,-0.2924947902940167,-0.1121485770279308,11623.08,0
288434,0.9772035591113696,0.4061898499990789,-0.5317030593040695,0.8659123057007314,2.1721556496613754,-0.4745732305320589,1.177478708363967,-0.2448964584821145,-0.4134278802743166,-0.0971848196578727,0.5311394517291104,-0.4840452990427205,0.4496046721265121,-0.8491985234857176,-0.3889844801909648,3.111755839672407,4.542304096417163,3.54863233926002,-2.821430815639398,-0.169895300073467,-0.2137744257095871,-0.5083364439764282,-0.613145207059166,-1.877244524065071,2.360439099271622,1.1573180017480256,-0.2406046639701823,0.2605931784627316,15742.1,1
143792,1.0144695693941457,-0.5710857259521901,1.095804933985901,-0.3642757741267242,-0.1258112130953471,0.3068895285137449,0.212473448315772,-0.1439621713807157,0.066524052787133,0.9906332137851988,-0.7116521947763458,0.6430126640931746,0.37024318218616,0.7122407901420208,1.57476356633632,-0.1629722604241313,0.4548177910436022,1.1233080743867794,-1.9710183380602853,-0.7512563949280355,-0.1809623751083111,-0.0665406625184958,0.056156145262256,0.7509086662541414,0.3572768557900352,-0.6874200760692433,-0.1392864811491315,-0.0068148155024773,16893.11,0
534428,0.2408692923220826,-0.7457749564341304,0.226581916087966,-0.3714178426472571,0.1660720167209496,0.079931878039615,0.7753901839484553,-0.175678596229741,0.701554526520837,0.2005678728203893,-0.2932773697009297,0.8102879425805584,-0.2538643528250035,0.2985925651454663,0.5692202500046509,0.7474905550501234,0.6423231405840701,0.759131212903912,-0.9028392470880456,0.4421379655663107,-0.0157911128286816,-0.0982251819647559,0.2518653418118616,-0.1276447697483865,-0.0567036946259235,-1.5566389670222762,-0.2975632414345626,0.0346555965766769,6235.47,1
